Noah Vonleh,Power Forward,-,7,"1,836,090",-,1.6,#VALUE!,YES,Role Player
Goran Dragic,Point Guard,-,14,"1,836,090",6.3,9.1,291442.8571,YES,Role Player
Jalen McDaniels,Small Forward,-,3,"1,930,681",5.8,6.1,332876.0345,NO,Role Player
Saddiq Bey,Small Forward,-,2,"2,959,080",5.6,4.2,528407.1429,NO,Role Player
Tony Bradley,Center,-,5,"2,036,318",4.5,1,452515.1111,NO,Role Player
Trent Forrest,Point Guard,-,2,,4.5,,,,
Sterling Brown,Shooting Guard,-,5,,3.2,,0,NO,
Nerlens Noel,Center,-,8,"9,240,000",2.6,-2,3553846.154,YES,Role Player
Moses Brown,Center,-,3,,2.3,,0,NO,
Facundo Campazzo,Point Guard,-,2,,1.7,,,,
Jarrett Culver,Shooting Guard,-,3,,1.6,,,,
Justin Jackson,Small Forward,-,5,"1,836,090",-0.6,-2.3,-3060150,YES,Benchwarmer
AJ Griffin,Small Forward,Atlanta Hawks,0,"3,536,160",-,6.3,#VALUE!,YES,Ok Prospect
Tyrese Martin,Shooting Guard,Atlanta Hawks,0,"1,017,781",-,0.9,#VALUE!,YES,Marginal Prospect
Trae Young,Point Guard,Atlanta Hawks,4,"37,096,500",24.2,21.7,1532913.223,NO,Future All-Star
Dejounte Murray,Shooting Guard,Atlanta Hawks,5,"16,571,120",20.3,16.8,816311.33,NO,Borderline All-Star
Clint Capela,Center,Atlanta Hawks,8,"18,706,896",14.6,13.3,1281294.247,NO,Borderline All-Star
Bogdan Bogdanovic,Shooting Guard,Atlanta Hawks,5,"18,000,000",14.1,9.6,1276595.745,NO,Key Roleplayer
John Collins,Power Forward,Atlanta Hawks,5,"23,500,000",14.1,11.8,1666666.667,NO,Good Starter
Onyeka Okongwu,Center,Atlanta Hawks,2,"6,395,160",11.1,8,576140.5405,NO,Key Roleplayer
De'Andre Hunter,Small Forward,Atlanta Hawks,3,"9,835,881",8.4,10.4,1170938.214,NO,Rotation Player
Saddiq Bey,Small Forward,Atlanta Hawks,2,"2,959,080",5.6,4.2,528407.1429,NO,Project
Aaron Holiday,Point Guard,Atlanta Hawks,4,"1,836,090",4.4,3.4,417293.1818,NO,Rotation Player
Garrison Matthews,Shooting Guard,Atlanta Hawks,3,"2,000,000",3.8,1.9,526315.7895,NO,Key Roleplayer
Bruno Fernando,Center,Atlanta Hawks,3,"2,717,391",1.3,1.7,2090300.769,YES,Project
Jalen Johnson,Small Forward,Atlanta Hawks,1,"2,792,640",0.6,2.8,4654400,YES,Project
Vit Krejci,Point Guard,Atlanta Hawks,1,"1,563,518",-1.1,0.9,-1421380,YES,Project
Jayson Tatum,Power Forward,Boston Celtics,5,"30,351,780",28.2,29.4,1076304.255,NO,All-Star
Jaylen Brown,Small Forward,Boston Celtics,6,"28,741,071",22.7,22.3,1266126.476,NO,Borderline All-Star
Robert Williams,Center,Boston Celtics,4,"10,937,502",19.7,17.1,555203.1472,NO,Key Roleplayer
Marcus Smart,Point Guard,Boston Celtics,8,"17,207,142",16.9,14.7,1018174.083,NO,Borderline All-Star
Danilo Gallinari,Small Forward,Boston Celtics,13,"6,479,000",10.5,-,617047.619,NO,Rotation Player
Grant Williams,Power Forward,Boston Celtics,3,"4,306,281",8.1,11.4,531639.6296,NO,Rotation Player
Mike Muscala,Center,Boston Celtics,9,"3,500,000",6.8,8.6,514705.8824,YES,Rotation Player
Payton Pritchard,Point Guard,Boston Celtics,2,"2,239,200",5.9,2.9,379525.4237,NO,Rotation Player
Blake Griffin,Center,Boston Celtics,12,"1,836,090",4,5.3,459022.5,NO,Rotation Player
Sam Hauser,Power Forward,Boston Celtics,1,"1,637,966",2.1,6.8,779983.8095,YES,¯\_(ツ)_/¯
Al Horford,Center,Boston Cetlics,15,"26,500,000",16.6,14,1596385.542,NO,Key Roleplayer
Luke Kornet,Center,Boston Cetlics,5,"2,133,278",3.9,5.2,546994.359,YES,Rotation Player
Malcolm Brogdan,Point Guard,Boston Cetlics ,6,"22,600,000",15.1,14.2,1496688.742,YES,Rotation Player
Derrick White,Shooting Guard,Boston Cetltics,5,"16,892,857",13.6,14.5,1242121.838,NO,Borderline All-Star
Ben Simmons,Point Guard,Brooklyn Nets,4,"35,448,672",-,10,#VALUE!,YES,Key Roleplayer
Edmond Sumner,Shooting Guard,Brooklyn Nets,4,"1,968,175",-,5.2,#VALUE!,YES,Scrub
Mikal Bridges ,Small Forward,Brooklyn Nets,4,"20,100,000",19.1,13.6,1052356.021,NO,Borderline All-Star
Seth Curry,Shooting Guard,Brooklyn Nets,8,"8,496,653",14,6.8,606903.7857,NO,Rotation Player
Cameron Johnson ,Power Forward,Brooklyn Nets,3,"5,887,899",13.1,14.9,449457.9389,NO,Key Roleplayer
Dorian Finney-Smith,Power Forward,Brooklyn Nets,6,"12,402,000",12.3,8.7,1008292.683,NO,Good Starter
Royce O'Neale,Small Forward,Brooklyn Nets,5,"9,200,000",10.2,9.7,901960.7843,NO,Average Starter
Spencer Dinwiddie,Point Guard,Brooklyn Nets,8,"20,171,427",10.2,11.6,1977590.882,NO,Rotation Player
Patty Mills,Point Guard,Brooklyn Nets,13,"6,479,000",9.1,2.6,711978.022,NO,Rotation Player
Joe Harris,Shooting Guard,Brooklyn Nets,8,"18,642,857",8.5,6.5,2193277.294,YES,Scrub
Nicolas Claxton,Center,Brooklyn Nets,3,"8,500,000",7.9,14.6,1075949.367,NO,Rotation Player
Day'Ron Sharpe,Center,Brooklyn Nets,1,"2,109,480",7.4,1.3,285064.8649,YES,Up-And-Comer
Cam Thomas,Shooting Guard,Brooklyn Nets,1,"2,138,160",3.3,9,647927.2727,NO,Project
Yuta Watanabe,Small Forward,Brooklyn Nets,4,"1,836,090",1.8,6,1020050,YES,Scrub
Bryce McGowens,Shooting Guard,Charlotte Hornets,0,"1,836,090",-,0.1,#VALUE!,YES,Marginal Prospect
Mark Williams ,Center,Charlotte Hornets,0,"3,722,040",-,4.7,#VALUE!,YES,Good Prospect
LaMelo Ball,Point Guard,Charlotte Hornets,2,"8,623,920",17.6,11.3,489995.4545,NO,MVP Candiate
Terry Rozier,Shooting Guard,Charlotte Hornets,7,"21,486,316",16,10.6,1342894.75,NO,Borderline All-Star
Gordon Hayward,Small Forward,Charlotte Hornets,12,"30,075,000",11.9,6.9,2527310.924,NO,Rotation Player
P.J. Washington,Power Forward,Charlotte Hornets,3,"5,808,435",11.1,3,523282.4324,NO,Rotation Player
Kelly Oubre Jr.,Small Forward,Charlotte Hornets,7,"12,600,000",9.6,5.8,1312500,NO,Rotation Player
Cody Martin,Small Forward,Charlotte Hornets,3,"7,000,000",7.5,0.5,933333.3333,NO,Key Roleplayer
Dennis Smith Jr.,Point Guard,Charlotte Hornets,5,"1,836,090",1.8,5.2,1020050,YES,Rotation Player
JT Thor,Power Forward,Charlotte Hornets,1,"1,563,518",1.6,0.5,977198.75,YES,Project
Svi Mykhailiuk,Small Forward,Charlotte Hornets,4,"1,836,090",1.6,2.8,1147556.25,YES,Scrub
James Bouknight,Shooting Guard,Charlotte Hornets,1,"4,362,240",1.1,1.4,3965672.727,YES,Rotation Player
Nick Richards,Center,Charlotte Hornets,2,"1,782,621",0.4,6.7,4456552.5,NO,Scrub
Kai Jones,Center,Charlotte Hornets,1,"2,909,040",0,3,#DIV/0!,YES,Marginal Prospect
Dalen Terry,Shooting Guard,Chicago Bulls,0,"3,191,400",-,0.8,#VALUE!,YES,Ok Prospect
DeMar DeRozan,Small Forward,Chicago Bulls,13,"27,300,000",21.5,19.9,1269767.442,NO,Average Starter
Zach LaVine,Shooting Guard,Chicago Bulls,8,"37,096,500",16.9,11.6,2195059.172,NO,Average Starter
Lonzo Ball,Point Guard,Chicago Bulls,5,"19,534,884",14.1,-,1385452.766,YES,Borderline All-Star
Nikola Vucevic,Center,Chicago Bulls,11,"22,000,000",13.8,13.2,1594202.899,NO,Average Starter
Patrick Beverley ,Point Guard,Chicago Bulls,10,"13,000,000",11,3.2,1181818.182,NO,Key Roleplayer
Alex Caruso,Point Guard,Chicago Bulls,5,"9,030,000",10.3,10.6,876699.0291,NO,Borderline All-Star
Andre Drummond,Center,Chicago Bulls,10,"3,200,000",9.6,7.8,333333.3333,NO,Key Roleplayer
Coby White,Shooting Guard,Chicago Bulls,3,"7,413,955",8,6.6,926744.375,NO,Rotation Player
Javonte Green,Shooting Guard,Chicago Bulls,3,"1,815,677",7.5,8.2,242090.2667,NO,Rotation Player
Derrick Jones Jr.,Small Forward,Chicago Bulls,6,"3,200,000",5.8,6.1,551724.1379,NO,Rotation Player
Ayo Dosunmu,Shooting Guard,Chicago Bulls,1,"1,563,518",4.6,3.1,339895.2174,NO,Rotation Player
Patrick Williams,Power Forward,Chicago Bulls,2,"7,775,400",4,3,1943850,YES,Project
Marko Simonovic,Center,Chicago Bulls,1,"1,563,518",1.3,-8.7,1202706.154,YES,Ok Prospect
Darius Garland,Point Guard,Cleveland Cavaliers,3,"8,920,795",22.4,19.4,398249.7768,NO,All-Star
Donovan Mitchell,Shooting Guard,Cleveland Cavaliers,5,"30,351,780",21.9,24.3,1385926.027,NO,Borderline All-Star
Jarrett Allen,Center,Cleveland Cavaliers,5,"20,000,000",18.9,18.7,1058201.058,NO,Borderline All-Star
Ricky Rubio,Point Guard,Cleveland Cavaliers,11,"5,853,659",15.7,-,372844.5223,YES,Rotation Player
Evan Mobley,Power Forward,Cleveland Cavaliers,1,"8,478,720",14.1,12.9,601327.6596,NO,Up-And-Comer
Caris LeVert,Shooting Guard,Cleveland Cavaliers,6,"18,796,296",10.7,12.9,1756663.178,NO,Rotation Player
Isaac Okoro,Small Forward,Cleveland Cavaliers,2,"7,040,880",8.5,3.7,828338.8235,NO,Average Starter
Cedi Osman,Small Forward,Cleveland Cavaliers,5,"7,426,088",6.3,12.6,1178744.127,NO,Scrub
Danny Green ,Shooting Guard,Cleveland Cavaliers,13,"10,000,000",6,,1666666.667,YES,Scrappy Veteran
Dean Wade,Power Forward,Cleveland Cavaliers,3,"1,930,681",5.2,10.1,371284.8077,NO,Rotation Player
Raul Neto,Point Guard,Cleveland Cavaliers,7,"1,836,090",4.7,3.3,390657.4468,NO,Rotation Player
Lamar Stevens,Power Forward,Cleveland Cavaliers,2,"1,782,621",3.6,2.5,495172.5,NO,Scrub
Robin Lopez,Center,Cleveland Cavaliers,14,"1,836,090",3.6,2.8,510025,YES,Scrub
Dylan Windler,Small Forward,Cleveland Cavaliers,2,"4,037,278",1.7,-,2374869.412,NO,Rotation Player
Jaden Hardy,Shooting Guard,Dallas Mavericks,0,"1,017,781",-,-0.3,#VALUE!,YES,Marginal Prospect
Kyrie Irving,Point Guard,Dallas Mavericks,11,"36,934,550",24.3,18.5,1519940.329,YES,Borderline All-Star
Luka Doncic,Point Guard,Dallas Mavericks,4,"37,096,500",24,30.7,1545687.5,NO,MVP Candiate
Tim Hardaway Jr,Shooting Guard,Dallas Mavericks,9,"19,602,273",10.2,8.6,1921791.471,NO,Rotation Player
Reggie Bullock,Small Forward,Dallas Mavericks,9,"10,012,800",10,0.4,1001280,NO,Rotation Player
Javale McGee,Center,Dallas Mavericks,14,"5,461,219",9.8,0.9,557267.2449,NO,Scrappy Veteran
Dwight Powell,Center,Dallas Mavericks,8,"11,080,125",9.3,8.5,1191411.29,NO,Rotation Player
Christian Wood,Center,Dallas Mavericks,6,"14,317,459",8.6,12.5,1664820.814,NO,Rotation Player
Maxi Kleber,Center,Dallas Mavericks,5,"9,000,000",8.1,5.1,1111111.111,NO,Rotation Player
Markieff Morris,Power Forward,Dallas Mavericks,11,"1,836,090",5.8,4.9,316567.2414,YES,Scrub
Josh Green,Shooting Guard,Dallas Mavericks,2,"3,098,400",5.1,9.3,607529.4118,NO,Rotation Player
Frank Ntilikina,Point Guard,Dallas Mavericks,5,"2,036,318",4,4.6,509079.5,NO,Rotation Player
Davis Bertans,Power Forward,Dallas Mavericks,6,"16,000,000",3.9,3.8,4102564.103,NO,Rotation Player
Justin Holiday ,Shooting Guard,Dallas Mavericks,9,"6,292,440",3.8,0.1,1655905.263,NO,Rotation Player
Theo Pinson,Shooting Guard,Dallas Mavericks,4,"1,836,090",0,3.5,#DIV/0!,YES,Scrub
Christian Braun,Shooting Guard,Denver Nuggets,0,"2,808,600",-,-0.5,#VALUE!,YES,Ok Prospect
Peyton Watson,Shooting Guard,Denver Nuggets,0,"2,193,960",-,-2.8,#VALUE!,YES,Ok Prospect
Michael Porter Jr.,Small Forward,Denver Nuggets,3,"30,913,750",12.7,15.6,2434153.543,YES,Up-And-Comer
Reggie Jackson ,Point Guard,Denver Nuggets,11,"11,215,260",9.2,,1219050,NO,Rotation Player
Jeff Green,Power Forward,Denver Nuggets,14,"4,500,000",8.3,2.6,542168.6747,NO,Way Past His Prime
Bruce Brown,Shooting Guard,Denver Nuggets,4,"6,479,000",7.9,9.2,820126.5823,NO,Rotation Player
Kentavious Caldwell-Pope,Shooting Guard,Denver Nuggets,9,"14,004,703",6.3,15.6,2222968.73,NO,Rotation Player
Zeke Nnaji,Power Forward,Denver Nuggets,2,"2,617,800",4.2,-0.7,623285.7143,NO,Project
Vlatko Cancar,Power Forward,Denver Nuggets,3,"2,234,359",3.7,3.9,603880.8108,YES,Scrub
Thomas Bryant,Center,Denver Nuggets,5,"1,836,090",3.5,10.2,524597.1429,YES,Scrub
Ish Smith,Point Guard,Denver Nuggets,12,"4,725,000",3,3.2,1575000,NO,Scrub
DeAndre Jordan,Center,Denver Nuggets,14,"1,836,090",1.8,4.9,1020050,NO,Scrub
Jamal Murray,Point Guard,Denver Nuggets ,5,"31,650,600",-,17.6,#VALUE!,YES,Key Roleplayer
Nikola Jokic,Center,Denver Nuggets ,7,"33,047,803",32.3,32.4,1023151.796,NO,MVP Candiate
Aaron Gordon,Power Forward,Denver Nuggets ,8,"19,690,909",16.1,21.7,1223037.826,NO,Average Starter
Jaden Ivey,Shooting Guard,Detroit Pistons,0,"7,252,200",-,4.6,#VALUE!,YES,Good Prospect
Jalen Duren,Center,Detroit Pistons,0,"4,124,280",-,2.9,#VALUE!,YES,Good Prospect
James Wiseman,Center,Detroit Pistons,1,"9,603,360",-,1.1,#VALUE!,YES,Defensive Specialist
Bojan Bogdanovic,Power Forward,Detroit Pistons,8,"19,550,000",15,8.4,1303333.333,NO,Scrub
Alec Burks,Shooting Guard,Detroit Pistons,11,"10,012,800",10.9,9.8,918605.5046,NO,Key Roleplayer
Cade Cunningham,Point Guard,Detroit Pistons,1,"10,552,800",7,-,1507542.857,YES,Future All-Star
Marvin Bagley III,Center,Detroit Pistons,4,"12,500,000",6.2,3.3,2016129.032,YES,Rotation Player
Hamidou Diallo,Shooting Guard,Detroit Pistons,4,"5,200,000",4.7,3.1,1106382.979,NO,Rotation Player
Isaiah Livers,Power Forward,Detroit Pistons,1,"1,563,518",4.7,-1.9,332663.4043,YES,Project
Cory Joseph ,Point Guard,Detroit Pistons,11,5155500,3.7,3.4,1393378.378,NO,Rotation Player
Rodney McGruder,Shooting Guard,Detroit Pistons,6,"1,836,090",3,3.8,612030,YES,Scrub
Isaiah Stewart,Center,Detroit Pistons,2,"3,433,320",2.9,5.1,1183903.448,NO,Defensive Specialist
Killian Hayes,Point Guard,Detroit Pistons,2,"5,837,760",0.2,-0.5,29188800,NO,Project
R.J. Hampton,Point Guard,Detroit Pistons,2,"2,412,840",-1.4,2.5,-1723457.143,NO,Project
Patrick Baldwin Jr.,Small Forward,Golden State Warriors,0,"2,226,000",-,0.7,#VALUE!,YES,Marginal Prospect
Ryan Rollins,Point Guard,Golden State Warriors,0,"1,017,781",-,-3.7,#VALUE!,YES,Ok Prospect
Steph Curry,Point Guard,Golden State Warriors,13,"45,780,966",26.9,33.7,1701894.647,NO,All-Star
Jordan Poole ,Point Guard,Golden State Warriors,3,"3,901,399",16.8,10.3,232226.131,NO,Up-And-Comer
Andrew Wiggins ,Small Forward,Golden State Warriors,8,"33,616,770",15.8,15.7,2127643.671,NO,Average Starter
Klay Thompson ,Shooting Guard,Golden State Warriors,9,"40,600,080",15,15.2,2706672,NO,Rotation Player
Draymond Green ,Power Forward,Golden State Warriors,10,"25,806,468",13.9,13.5,1856580.432,NO,Key Roleplayer
Gary Payton II ,Point Guard,Golden State Warriors,6,"8,300,000",9.6,-,864583.3333,NO,Key Roleplayer
Kevon Looney ,Center,Golden State Warriors,7,"8,000,000",9.4,9.8,851063.8298,NO,Key Roleplayer
Andre Iguodala ,Small Forward,Golden State Warriors,18,"1,836,090",9.3,-,197429.0323,NO,Key Roleplayer
Jonathan Kuminga ,Power Forward,Golden State Warriors,1,"5,739,840",6.9,3.7,831860.8696,NO,Project
Donte DiVincenzo,Shooting Guard,Golden State Warriors,4,"4,500,000",5.1,9.3,882352.9412,YES,Rotation Player
JaMychal Green,Power Forward,Golden State Warriors,8,"1,836,090",4,2.3,459022.5,NO,Scrub
Moses Moody,Shooting Guard,Golden State Warriors,1,"3,740,160",2.2,1.3,1700072.727,NO,Project
Jabari Smith Jr.,Power Forward,Houston Rockets,0,"8,882,640",-,1.1,#VALUE!,YES,Great Prospect
Tari Eason,Power Forward,Houston Rockets,0,"3,359,160",-,5.4,#VALUE!,YES,Good Prospect
TyTy Washington Jr.,Point Guard,Houston Rockets,0,"2,210,040",-,0.8,#VALUE!,YES,Ok Prospect
Frank Kaminsky,Center,Houston Rockets,7,"1,836,090",14.3,2.5,128397.9021,YES,Rotation Player
Kevin Porter Jr.,Point Guard,Houston Rockets,3,"3,217,631",6.5,7.1,495020.1538,NO,Rotation Player
Kenyon Martin Jr.,Small Forward,Houston Rockets,2,"1,782,621",4.2,6,424433.5714,NO,Project
Usman Garuba,Power Forward,Houston Rockets,1,"2,471,160",4.2,0.7,588371.4286,YES,Project
Boban Marjanovic,Center,Houston Rockets,7,"3,500,000",3.9,4.8,897435.8974,YES,Scrub
Jae'Sean Tate,Small Forward,Houston Rockets,2,"7,065,217",3.9,0.9,1811594.103,NO,Rotation Player
Alperen Sengun,Center,Houston Rockets,1,"3,375,360",3.7,10.3,912259.4595,NO,Up-And-Comer
Jalen Green,Shooting Guard,Houston Rockets,1,"9,441,840",2.9,6.4,3255806.897,NO,Project
Willie Cauley-Stein,Center,Houston Rockets,7,"2,463,490",2.8,-,879817.8571,YES,Defensive Specialist
Josh Christopher,Shooting Guard,Houston Rockets,1,"2,372,160",1.9,-1.1,1248505.263,NO,Project
Daishen Nix,Point Guard,Houston Rockets,1,"1,563,518",0.4,1.9,3908795,YES,Project
Andrew Nembhard,Shooting Guard,Indiana Pacers,0,"2,244,111",-,4.6,#VALUE!,YES,Ok Prospect
Bennedict Mathurin,Small Forward,Indiana Pacers,0,"6,586,800",-,11.6,#VALUE!,YES,Good Prospect
George Hill ,Point Guard,Indiana Pacers,14,"4,000,000",11.5,4.9,347826.087,NO,Scrappy Veteran
Myles Turner,Center,Indiana Pacers,7,"35,069,500",11.3,16.1,3103495.575,YES,Key Roleplayer
Tyrese Haliburton,Point Guard,Indiana Pacers,2,"4,215,120",11.1,20,379740.5405,NO,Future All-Star
Jalen Smith,Power Forward,Indiana Pacers,2,"4,670,160",8.4,6.3,555971.4286,YES,Rotation Player
Buddy Hield,Small Forward,Indiana Pacers,6,"21,177,750",8.1,13.8,2614537.037,NO,Average Starter
Chris Duarte,Small Forward,Indiana Pacers,1,"3,936,960",7.7,2.8,511293.5065,NO,Rotation Player
T.J. McConnell,Point Guard,Indiana Pacers,7,"8,100,000",5.9,5.7,1372881.356,YES,Rotation Player
Isaiah Jackson,Center,Indiana Pacers,1,"2,573,760",5.8,4.7,443751.7241,YES,Up-And-Comer
Daniel Theis,Center,Indiana Pacers,5,"8,694,369",4.5,-,1932082,NO,Rotation Player
Oshae Brissett,Small Forward,Indiana Pacers,3,"1,846,738",3.9,4.9,473522.5641,NO,Project
James Johnson,Power Forward,Indiana Pacers,13,"1,836,090",3.7,-,496240.5405,NO,Way Past His Prime
Jordan Nwora,Small Forward,Indiana Pacers,2,"3,000,000",3.6,1.1,833333.3333,NO,Project
Aaron Nesmith,Small Forward,Indiana Pacers,2,"3,804,360",2.5,5.3,1521744,NO,Rotation Player
Kawhi Leonard,Small Forward,Los Angeles Clippers,10,"39,344,900",-,16.8,#VALUE!,YES,Key Roleplayer
Jason Preston,Point Guard,Los Angeles Clippers,0,"1,563,518",-,-,#VALUE!,YES,Marginal Prospect
Paul George ,Shooting Guard,Los Angeles Clippers,12,"42,492,492",19.7,20.5,2156979.289,NO,All-Star
Russell Westbrook ,Point Guard,Los Angeles Clippers,14,"47,063,478",10.7,12.8,4398455.888,NO,Scrub
Terance Mann ,Shooting Guard,Los Angeles Clippers,3,"1,930,681",9.9,6.1,195018.2828,NO,Rotation Player
Ivica Zubac ,Center,Los Angeles Clippers,6,"10,123,457",8.7,7.8,1163615.747,NO,Rotation Player
Robert Covington ,Power Forward,Los Angeles Clippers,9,"12,307,692",8.3,5,1482854.458,NO,Key Roleplayer
Mason Plumlee,Center,Los Angeles Clippers,9,"9,080,417",8.2,7.8,1107367.927,NO,Rotation Player
Norman Powell ,Shooting Guard,Los Angeles Clippers,7,"16,758,621",8.1,9.2,2068965.556,NO,Rotation Player
Bones Hyland,Point Guard,Los Angeles Clippers,1,"2,201,520",7.6,4.7,289673.6842,NO,Up-And-Comer
Marcus Morris,Power Forward,Los Angeles Clippers,11,"16,372,093",7.4,7.5,2212445,NO,Scrub
Amir Coffey ,Shooting Guard,Los Angeles Clippers,3,"3,395,062",6.5,0.6,522317.2308,NO,Rotation Player
Eric Gordon,Shooting Guard,Los Angeles Clippers,14,"19,568,360",6,3.9,3261393.333,NO,Scrub
Nicolas Batum,Power Forward,Los Angeles Clippers,14,"8,856,969",5.6,7.9,1581601.607,NO,Rotation Player
Brandon Boston Jr.,Shooting Guard,Los Angeles Clippers,1,"1,563,518",3.6,-,434310.5556,NO,Project
Max Christie,Shooting Guard,Los Angeles Lakers,0,"1,017,781",-,0.2,#VALUE!,YES,Marginal Prospect
LeBron James ,Power Forward,Los Angeles Lakers,19,"44,474,988",21.8,26.4,2040137.064,NO,Borderline All-Star
Anthony Davis,Center,Los Angeles Lakers,10,"37,980,720",17.6,26.3,2157995.455,YES,Borderline All-Star
D'Angelo Russell ,Point Guard,Los Angeles Lakers,7,"31,377,750",17,11.9,1845750,NO,Good Starter
Jarred Vanderbilt ,Power Forward,Los Angeles Lakers,4,"4,374,000",10.9,7,401284.4037,NO,Up-And-Comer
Dennis Schroder,Point Guard,Los Angeles Lakers,9,"1,836,090",9,8.7,204010,NO,Rotation Player
Malik Beasley ,Shooting Guard,Los Angeles Lakers,6,"15,558,035",8.8,8.9,1767958.523,NO,Rotation Player
Austin Reaves ,Shooting Guard,Los Angeles Lakers,1,"925,258",7.3,9.3,126747.6712,NO,Rotation Player
Lonnie Walker IV ,Shooting Guard,Los Angeles Lakers,4,"6,479,000",6.5,4.9,996769.2308,NO,Project
Wenyen Gabriel,Power Forward,Los Angeles Lakers,3,"1,878,720",5.7,5.3,329600,YES,Scrub
Rui Hachimura,Power Forward,Los Angeles Lakers,3,"6,263,188",5.2,7.1,1204459.231,YES,Project
Mo Bamba,Center,Los Angeles Lakers,4,"10,300,000",4.5,6.6,2288888.889,NO,Rotation Player
Davon Reed,Shooting Guard,Los Angeles Lakers,3,"1,902,133",3.4,0.1,559450.8824,NO,Rotation Player
Troy Brown Jr.,Small Forward,Los Angeles Lakers,4,"1,836,090",3.1,5.5,592287.0968,NO,Rotation Player
Ja Morant ,Point Guard,Memphis Grizzles,3,"12,119,440",24,25.1,504976.6667,NO,All-Star
Desmond Bane,Shooting Guard,Memphis Grizzles,2,"2,130,240",17.8,21.8,119676.4045,NO,Future All-Star
Dillon Brooks ,Small Forward,Memphis Grizzles,5,"11,400,000",17.6,14.6,647727.2727,NO,Key Roleplayer
Jaren Jackson Jr ,Center,Memphis Grizzles,4,"28,946,605",16.1,21.1,1797925.776,NO,Up-And-Comer
Steven Adams ,Center,Memphis Grizzles,9,"17,926,829",14.9,16.7,1203142.886,NO,Key Roleplayer
Brandon Clarke ,Power Forward,Memphis Grizzles,3,"7,808,640",13.2,9.7,591563.6364,NO,Key Roleplayer
Tyus Jones ,Point Guard,Memphis Grizzles,7,"15,000,000",12.1,11.1,1239669.421,NO,Rotation Player
Luke Kennard ,Shooting Guard,Memphis Grizzles,5,"14,415,545",11.5,,1253525.652,NO,Starter
Ziaire Williams ,Small Forward,Memphis Grizzles,1,"4,591,680",7.2,,637733.3333,YES,Sixth Man
John Konchar ,Shooting Guard,Memphis Grizzles,3,"2,300,000",7,,328571.4286,NO,Sixth Man
Xavier Tillman Sr.,Power Forward,Memphis Grizzles,2,,4.1,,0,NO,
Santi Aldama,Power Forward,Memphis Grizzles,1,,3.3,,0,NO,
David Roddy,Power Forward,Memphis Grizzles,0,,-,,#VALUE!,YES,
Jake LaRavia,Power Forward,Memphis Grizzles,0,,-,,#VALUE!,YES,
Kennedy Chandler,Point Guard,Memphis Grizzles,0,,-,,#VALUE!,YES,
Jimmy Butler ,Small Forward,Miami Heat,11,"37,653,300",23.4,,1609115.385,NO,All-Star
Bam Adebayo ,Center,Miami Heat,5,"30,351,780",22.1,,1373383.71,NO,All-Star
Tyler Herro ,Shooting Guard,Miami Heat,3,"5,722,116",17.3,,330758.1503,NO,Starter
Kyle Lowry ,Point Guard,Miami Heat,16,"28,333,334",16.2,,1748971.235,NO,Starter
Kevin Love,Power Forward,Miami Heat,14,"28,942,830",12,15.3,2411902.5,NO,Starter
Caleb Martin ,Small Forward,Miami Heat,3,"6,479,000",10.3,,629029.1262,NO,Starter
Max Strus ,Small Forward,Miami Heat,3,"1,815,677",9.7,,187183.1959,NO,Starter
Victor Oladipo ,Shooting Guard,Miami Heat,9,"8,750,000",8.3,,1054216.867,NO,Fringe Starter
Duncan Robinson ,Small Forward,Miami Heat,4,"16,902,000",8.1,,2086666.667,NO,Fringe Starter
Gabe Vincent ,Point Guard,Miami Heat,3,"1,815,677",7.5,,242090.2667,NO,Sixth Man
Omer Yurtseven ,Center,Miami Heat,1,"1,507,638",6.1,,247153.7705,NO,Role Player
Udonis Haslem,Center,Miami Heat,19,,0.2,,,,
Haywood Highsmith,Small Forward,Miami Heat,2,,-0.4,,,,
Cody Zeller,Center,Miami Heat,9,,,,,,
Nikola Jovic,Power Forward,Miami Heat,0,,,,,,
Giannis Antetokounmpo ,Power Forward,Milwaukee Bucks,9,"39,344,970",31.4,28.1,1253024.522,NO,MVP Candidate
Jrue Holiday ,Point Guard,Milwaukee Bucks,13,"33,665,040",22.1,,1523304.977,NO,All-Star
Khris Middleton ,Small Forward,Milwaukee Bucks,10,"37,948,276",19.5,,1946065.436,YES,Starter
Bobby Portis Jr ,Power Forward,Milwaukee Bucks,7,"10,843,350",16.2,,669342.5926,NO,Starter
Jae Crowder,Small Forward,Milwaukee Bucks,10,"10,183,800",13.7,,743343.0657,NO,Starter
Grayson Allen ,Shooting Guard,Milwaukee Bucks,4,"8,500,000",12,,708333.3333,NO,Starter
Brook Lopez ,Center,Milwaukee Bucks,14,"13,906,976",8.1,,1716910.617,NO,Fringe Starter
Pat Connaughton ,Shooting Guard,Milwaukee Bucks,7,"5,728,393",7.9,,725113.038,NO,Sixth Man
Wesley Matthews ,Shooting Guard,Milwaukee Bucks,13,"1,836,090",6.1,,300998.3607,NO,Role Player
Serge Ibaka,Center,Milwaukee Bucks,13,,4.4,,,,
Jevon Carter,Point Guard,Milwaukee Bucks,4,,2.4,,,,
Thanasis Antetokounmpo,Small Forward,Milwaukee Bucks,4,,0.4,,,,
Joe Ingles,Small Forward,Milwaukee Bucks,8,,,,,,
MarJon Beauchamp,Small Forward,Milwaukee Bucks,0,,,,,,
Meyers Leonard,Center,Milwaukee Bucks,9,,,,,,
Rudy Gobert ,Center,Minnesota Timberwolves,9,"38,172,414",23.7,,1610650.38,NO,All-Star
Karl-Anthony Towns ,Center,Minnesota Timberwolves,7,"33,833,400",23.6,,1433618.644,NO,All-Star
Anthony Edwards ,Shooting Guard,Minnesota Timberwolves,2,"10,733,400",17.3,,620427.7457,NO,Starter
Mike Conley ,Point Guard,Minnesota Timberwolves,15,"22,680,000",16.5,,1374545.455,NO,Starter
Kyle Anderson ,Small Forward,Minnesota Timberwolves,8,"8,780,488",8.4,,1045296.19,NO,Fringe Starter
Jaylen Nowell ,Shooting Guard,Minnesota Timberwolves,3,"1,930,681",7.8,,247523.2051,NO,Sixth Man
Jaden McDaniels ,Power Forward,Minnesota Timberwolves,2,"2,161,440",6.5,,332529.2308,NO,Sixth Man
Bryn Forbes,Shooting Guard,Minnesota Timberwolves,6,,5.5,,,,
Jordan McLaughlin,Point Guard,Minnesota Timberwolves,3,,5.3,,,,
Naz Reid,Center,Minnesota Timberwolves,3,,5.3,,,,
Taurean Prince,Small Forward,Minnesota Timberwolves,6,,5.2,,,,
Austin Rivers,Shooting Guard,Minnesota Timberwolves,10,,4.8,,,,
Nickeil Alexander-Walker,Shooting Guard,Minnesota Timberwolves,3,,4.6,,,,
Josh Minott,Small Forward,Minnesota Timberwolves,0,,,,,,
Nathan Knight,Power Forward,Minnesota Timberwolves,2,,,,,,
Wendell Moore Jr.,Shooting Guard,Minnesota Timberwolves,0,,,,,,
Zion Williamson ,Power Forward,New Orleans Pelicans,2,"13,534,817",23.2,,583397.2845,NO,All-Star
Brandon Ingram ,Small Forward,New Orleans Pelicans,6,"31,650,600",18.5,,1710843.243,NO,Starter
Jonas Valanciunas ,Center,New Orleans Pelicans,10,"14,700,000",16,,918750,NO,Starter
CJ McCollum ,Shooting Guard,New Orleans Pelicans,9,"33,333,333",14.7,,2267573.673,NO,Starter
Josh Richardson ,Shooting Guard,New Orleans Pelicans,7,"12,196,094",9.7,,1257329.278,NO,Fringe Starter
Herbert Jones ,Small Forward,New Orleans Pelicans,1,"1,700,000",9.3,,182795.6989,NO,Fringe Starter
Jaxson Hayes ,Center,New Orleans Pelicans,3,"6,803,012",8.6,,791047.907,NO,Fringe Starter
Jose Alvarado ,Point Guard,New Orleans Pelicans,1,"1,563,518",8.6,,181804.4186,NO,Fringe Starter
Willy Hernangomez,Center,New Orleans Pelicans,6,"2,443,581",7.6,,321523.8158,NO,Sixth Man
Larry Nance Jr ,Power Forward,New Orleans Pelicans,7,"9,672,727",6,,1612121.167,NO,Role Player
Trey Murphy III,Small Forward,New Orleans Pelicans,1,,4.1,,,,
Naji Marshall,Small Forward,New Orleans Pelicans,2,,3.2,,,,
Kira Lewis Jr.,Point Guard,New Orleans Pelicans,2,,-0.7,,,,
Garrett Temple,Shooting Guard,New Orleans Pelicans,12,,-1.5,,,,
Dyson Daniels,Point Guard,New Orleans Pelicans,0,,,,,,
Jalen Brunson ,Point Guard,New York Knicks,4,"27,733,332",15.9,,1744234.717,NO,Starter
Isaiah Hartenstein ,Center,New York Knicks,4,"7,804,879",11.2,,696864.1964,NO,Starter
Derrick Rose,Point Guard,New York Knicks,13,,,,,,
Evan Fournier,Shooting Guard,New York Knicks,10,,,,,,
Immanuel Quickley,Point Guard,New York Knicks,2,,,,,,
Jericho Sims,Center,New York Knicks,1,,,,,,
Josh Hart,Shooting Guard,New York Knicks,5,,,,,,
Julius Randle,Power Forward,New York Knicks,8,,,,,,
Miles McBride,Point Guard,New York Knicks,1,,,,,,
Mitchell Robinson,Center,New York Knicks,4,,,,,,
Obi Toppin,Power Forward,New York Knicks,2,,,,,,
Quentin Grimes,Shooting Guard,New York Knicks,1,,,,,,
RJ Barrett,Shooting Guard,New York Knicks,3,,,,,,
Trevor Keels,Shooting Guard,New York Knicks,0,,,,,,
Dario Saric ,Power Forward,Oklahoma City Thunder,5,"9,240,000",10.6,,871698.1132,NO,Starter
Isaiah Joe,Shooting Guard,Oklahoma City Thunder,2,,2.6,,,,
Aaron Wiggins,Shooting Guard,Oklahoma City Thunder,1,,,,,,
Aleksej Pokusevski,Power Forward,Oklahoma City Thunder,2,,,,,,
Chet Holmgren,Power Forward,Oklahoma City Thunder,0,,,,,,
Eugene Omoruyi,Small Forward,Oklahoma City Thunder,1,,,,,,
Jalen Williams,Shooting Guard,Oklahoma City Thunder,0,,,,,,
Jaylin Williams,Power Forward,Oklahoma City Thunder,0,,,,,,
Jeremiah Robinson-Earl,Power Forward,Oklahoma City Thunder,1,,,,,,
Josh Giddey,Shooting Guard,Oklahoma City Thunder,1,,,,,,
Kenrich Williams,Power Forward,Oklahoma City Thunder,4,,,,,,
Luguentz Dort,Shooting Guard,Oklahoma City Thunder,3,,,,,,
Ousmane Dieng,Small Forward,Oklahoma City Thunder,0,,,,,,
Shai Gilgeous-Alexander,Point Guard,Oklahoma City Thunder,4,,,,,,
Tre Mann,Point Guard,Oklahoma City Thunder,1,,,,,,
Admiral Schofield,Power Forward,Orlando Magic,2,,,,,,
Bol Bol,Power Forward,Orlando Magic,3,,,,,,
Caleb Houstan,Small Forward,Orlando Magic,0,,,,,,
Chuma Okeke,Small Forward,Orlando Magic,2,,,,,,
Cole Anthony,Point Guard,Orlando Magic,2,,,,,,
Franz Wagner,Small Forward,Orlando Magic,1,,,,,,
Gary Harris,Shooting Guard,Orlando Magic,8,,,,,,
Jalen Suggs,Point Guard,Orlando Magic,1,,,,,,
Jonathan Isaac,Power Forward,Orlando Magic,3,,,,,,
Markelle Fultz,Point Guard,Orlando Magic,5,,,,,,
Moritz Wagner,Center,Orlando Magic,4,,,,,,
Paolo Banchero,Power Forward,Orlando Magic,0,,,,,,
Wendell Carter Jr.,Center,Orlando Magic,4,,,,,,
Joel Embiid,Center,Philadelphia 76ers,6,"31,579.39",30.5,30,1035.389836,NO,MVP Candidate
James Harden ,Shooting Guard,Philadelphia 76ers,13,"33,000,000",22.2,,1486486.486,YES,All-Star
Tyrese Maxey ,Shooting Guard,Philadelphia 76ers,2,"2,726,880",16.2,,168325.9259,NO,Starter
Tobias Harris ,Power Forward,Philadelphia 76ers,11,"37,633,050",15.7,,2397009.554,NO,Starter
Montrezl Harrell ,Center,Philadelphia 76ers,7,"2,463,490",13.5,,182480.7407,NO,Starter
De'Anthony Melton ,Point Guard,Philadelphia 76ers,4,"8,250,000",11.6,,711206.8966,NO,Starter
P.J. Tucker ,Power Forward,Philadelphia 76ers,11,"10,490,000",10.4,,1008653.846,NO,Starter
Georges Niang ,Power Forward,Philadelphia 76ers,6,"3,465,000",6.7,,517164.1791,NO,Sixth Man
Dewayne Dedmon ,Center,Philadelphia 76ers,9,"2,866,667",6.3,,455026.5079,NO,Role Player
Danuel House ,Small Forward,Philadelphia 76ers,6,"4,105,000",5.9,,695762.7119,NO,Role Player
Furkan Korkmaz,Shooting Guard,Philadelphia 76ers,5,,5.8,,0,NO,Role Player
Shake Milton,Shooting Guard,Philadelphia 76ers,4,,5.6,,0,NO,Role Player
Paul Reed,Center,Philadelphia 76ers,2,,2.4,,,,
Jaden Springer,Shooting Guard,Philadelphia 76ers,1,,-2.4,,,,
Jalen McDaniels,Small Forward,Philadelphia 76ers,3,,,,,,
T.J. Warren,Small Forward,Phoenix Suns,7,"1,836,090",-,6.8,#VALUE!,YES,Benchwarmer
Kevin Durant,Small Forward,Phoenix Suns,14,"44,119,845",28.6,28.4,1542651.923,NO,All-Star Starter
Devin Booker ,Shooting Guard,Phoenix Suns,7,"33,833,400",25.7,,1316474.708,NO,All-Star Starter
Chris Paul ,Point Guard,Phoenix Suns,17,"28,400,000",23.8,,1193277.311,NO,All-Star
Deandre Ayton ,Center,Phoenix Suns,4,"30,913,750",21.2,,1458195.755,NO,Fringe All-Star
Cameron Payne ,Point Guard,Phoenix Suns,7,"6,000,000",10.5,,571428.5714,NO,Starter
Landry Shamet ,Shooting Guard,Phoenix Suns,4,"9,500,000",7.5,,1266666.667,NO,Sixth Man
Bismack Biyombo ,Center,Phoenix Suns,11,"1,836,090",6.9,,266100,NO,Sixth Man
Damion Lee ,Shooting Guard,Phoenix Suns,5,"1,836,090",6.9,,266100,NO,Sixth Man
Jock Landale,Center,Phoenix Suns,1,,3.8,,,,
Josh Okogie,Shooting Guard,Phoenix Suns,4,,3,,,,
Torrey Craig,Small Forward,Phoenix Suns,5,,2.9,,,,
Ish Wainwright,Small Forward,Phoenix Suns,1,,2.6,,,,
Darius Bazley,Power Forward,Phoenix Suns,3,,,,,,
Terrence Ross,Shooting Guard,Phoenix Suns,10,,,,,,
Matisse Thybulle ,Shooting Guard,Portland Trailblazers,3,"4,379,527",7.4,,591827.973,NO,Sixth Man
Kevin Knox,Small Forward,Portland Trailblazers,4,,-0.3,,,,
Anfernee Simons,Shooting Guard,Portland Trailblazers,4,,,,,,
Cam Reddish,Small Forward,Portland Trailblazers,3,,,,,,
Damian Lillard,Point Guard,Portland Trailblazers,10,,,,,,
Drew Eubanks,Center,Portland Trailblazers,4,,,,,,
Jabari Walker,Small Forward,Portland Trailblazers,0,,,,,,
Jerami Grant,Power Forward,Portland Trailblazers,8,,,,,,
Justise Winslow,Small Forward,Portland Trailblazers,7,,,,,,
Jusuf Nurkic,Center,Portland Trailblazers,8,,,,,,
Keon Johnson,Shooting Guard,Portland Trailblazers,1,,,,,,
Nassir Little,Small Forward,Portland Trailblazers,3,,,,,,
Ryan Arcidiacono,Point Guard,Portland Trailblazers,5,,,,,,
Shaedon Sharpe,Shooting Guard,Portland Trailblazers,0,,,,,,
Tredon Watford,Power Forward,Portland Trailblazers,1,,,,,,
Kevin Huerter ,Shooting Guard,Sacramento Kings,4,"14,508,929",10.8,,1343419.352,NO,Starter
Malik Monk ,Shooting Guard,Sacramento Kings,5,"9,472,219",10.7,,885254.1121,NO,Starter
Kessler Edwards,Small Forward,Sacramento Kings,1,"1,637,966",2.9,0.4,564815.8621,NO,Role Player
Alex Len,Center,Sacramento Kings,9,,,,,,
Chimezie Metu,Center,Sacramento Kings,4,,,,,,
Davion Mitchell,Point Guard,Sacramento Kings,1,,,,,,
De'Aaron Fox,Point Guard,Sacramento Kings,5,,,,,,
Domantas Sabonis,Center,Sacramento Kings,6,,,,,,
Harrison Barnes,Power Forward,Sacramento Kings,10,,,,,,
Keegan Murray,Small Forward,Sacramento Kings,0,,,,,,
KZ Okpala,Power Forward,Sacramento Kings,3,,,,,,
Matthew Dellavedova,Point Guard,Sacramento Kings,8,,,,,,
Richaun Holmes,Center,Sacramento Kings,7,,,,,,
Terence Davis,Shooting Guard,Sacramento Kings,3,,,,,,
Trey Lyles,Power Forward,Sacramento Kings,7,,,,,,
Keldon Johnson ,Small Forward,San Antonio Spurs,3,"3,873,025",13.4,,289031.7164,NO,Starter
Devin Vassell ,Small Forward,San Antonio Spurs,2,"4,437,000",9.6,,462187.5,NO,Fringe Starter
Devonte' Graham ,Point Guard,San Antonio Spurs,4,"11,550,000",9.2,,1255434.783,NO,Fringe Starter
Zach Collins ,Power Forward,San Antonio Spurs,4,"7,350,000",8.4,,875000,NO,Fringe Starter
Doug McDermott ,Small Forward,San Antonio Spurs,8,"13,750,000",6.3,,2182539.683,NO,Role Player
Tre Jones ,Point Guard,San Antonio Spurs,2,"1,782,621",5.9,,302139.1525,NO,Role Player
Keita Bates-Diop,Small Forward,San Antonio Spurs,4,,4.9,,,,
Romeo Langford,Shooting Guard,San Antonio Spurs,3,,3.5,,,,
Joshua Primo,Shooting Guard,San Antonio Spurs,1,,2,,,,
Gorgui Dieng,Center,San Antonio Spurs,9,,1.8,,,,
Charles Bassey,Center,San Antonio Spurs,1,,1.7,,,,
Blake Wesley,Shooting Guard,San Antonio Spurs,0,,,,,,
Isaiah Roby,Power Forward,San Antonio Spurs,3,,,,,,
Jeremy Sochan,Power Forward,San Antonio Spurs,0,,,,,,
Malaki Branham,Small Forward,San Antonio Spurs,0,,,,,,
Name,Position ,Team,Experience (Years),Salary (Dollars),2021 Score,2022 Projected,Salary Ratio,Small Sample Size?,Player Role?
Pascal Siakam ,Power Forward,Toronto Raptors,6,"35,448,672",21.7,,1633579.355,NO,Fringe All-Star
Fred VanVleet,Point Guard,Toronto Raptors,6,"21,250,000",19,,1118421.053,NO,Starter
Jakob Poeltl ,Center,Toronto Raptors,6,"9,398,148",15.3,,614258.0392,NO,Starter
OG Anunoby ,Small Forward,Toronto Raptors,5,"17,357,143",15.3,,1134453.791,NO,Starter
Gary Trent Jr ,Shooting Guard,Toronto Raptors,4,"17,505,000",14.7,,1190816.327,NO,Starter
Scottie Barnes ,Power Forward,Toronto Raptors,1,"7,644,600",14,,546042.8571,NO,Starter
Otto Porter ,Small Forward,Toronto Raptors,9,"6,000,000",11.9,,504201.6807,NO,Starter
Chris Boucher,Power Forward,Toronto Raptors,5,"12,690,000",10.7,,1185981.308,NO,Starter
Precious Achiuwa ,Center,Toronto Raptors,2,"2,840,160",7.9,,359513.9241,NO,Sixth Man
Thaddeus Young ,Power Forward,Toronto Raptors,15,"8,000,000",6.6,,1212121.212,NO,Sixth Man
Khem Birch,Center,Toronto Raptors,5,,5.3,,,,
Dalano Banton,Point Guard,Toronto Raptors,1,,3,,,,
Juancho Hernangomez,Power Forward,Toronto Raptors,6,,2.8,,,,
Malachi Flynn,Point Guard,Toronto Raptors,2,,2.8,,,,
Joe Wieskamp,Small Forward,Toronto Raptors,1,,1.3,,,,
Christian Koloko,Center,Toronto Raptors,0,,,,,,
Jordan Clarkson,Shooting Guard,Utah Jazz,8,"13,340,000",14.9,,895302.0134,NO,Starter
Lauri Markkanen ,Power Forward,Utah Jazz,5,"16,475,454",13.7,,1202587.883,NO,Starter
Rudy Gay ,Small Forward,Utah Jazz,16,"6,184,500",9.2,,672228.2609,NO,Fringe Starter
Collin Sexton,Shooting Guard,Utah Jazz,4,,5.8,,,,
Talen Horton-Tucker,Shooting Guard,Utah Jazz,3,,5.5,,,,
Udoka Azubuike,Center,Utah Jazz,2,,4.5,,,,
Juan Toscano-Anderson,Small Forward,Utah Jazz,3,,4.2,,,,
Leandro Bolmaro,Shooting Guard,Utah Jazz,1,,1,,,,
Damian Jones,Center,Utah Jazz,6,,,,,,
Frank Jackson,Point Guard,Utah Jazz,4,,,,,,
Kelly Olynyk,Center,Utah Jazz,9,,,,,,
Kris Dunn,Point Guard,Utah Jazz,6,,,,,,
Ochai Agbaji,Shooting Guard,Utah Jazz,0,,,,,,
Simone Fontecchio,Small Forward,Utah Jazz,0,,,,,,
Walker Kessler,Center,Utah Jazz,0,,,,,,
Monte Morris ,Point Guard,Washington Wizards,5,"9,125,000",14.5,,629310.3448,NO,Starter
Will Barton ,Shooting Guard,Washington Wizards,10,"14,375,000",12.3,,1168699.187,NO,Starter
Delon Wright ,Point Guard,Washington Wizards,7,"7,804,878",6.7,,1164907.164,NO,Sixth Man
Anthony Gill,Power Forward,Washington Wizards,2,,,,,,
Bradley Beal,Shooting Guard,Washington Wizards,10,,,,,,
Corey Kispert,Small Forward,Washington Wizards,1,,,,,,
Daniel Gafford,Center,Washington Wizards,3,,,,,,
Deni Avdija,Small Forward,Washington Wizards,2,,,,,,
Isaiah Todd,Power Forward,Washington Wizards,1,,,,,,
Johnny Davis,Shooting Guard,Washington Wizards,0,,,,,,
Kendrick Nunn,Point Guard,Washington Wizards,2,,,,,,
Kristaps Porzingis,Center,Washington Wizards,6,,,,,,
Kyle Kuzma,Power Forward,Washington Wizards,5,,,,,,
Taj Gibson,Center,Washington Wizards,13,,,,,,
Vernon Carey Jr.,Center,Washington Wizards,2,,,,,,